-- MySQL dump 10.13  Distrib 8.0.38, for Win64 (x86_64)
--
-- Host: localhost    Database: library_db
-- ------------------------------------------------------
-- Server version	8.0.39

/*!40101 SET @OLD_CHARACTER_SET_CLIENT=@@CHARACTER_SET_CLIENT */;
/*!40101 SET @OLD_CHARACTER_SET_RESULTS=@@CHARACTER_SET_RESULTS */;
/*!40101 SET @OLD_COLLATION_CONNECTION=@@COLLATION_CONNECTION */;
/*!50503 SET NAMES utf8 */;
/*!40103 SET @OLD_TIME_ZONE=@@TIME_ZONE */;
/*!40103 SET TIME_ZONE='+00:00' */;
/*!40014 SET @OLD_UNIQUE_CHECKS=@@UNIQUE_CHECKS, UNIQUE_CHECKS=0 */;
/*!40014 SET @OLD_FOREIGN_KEY_CHECKS=@@FOREIGN_KEY_CHECKS, FOREIGN_KEY_CHECKS=0 */;
/*!40101 SET @OLD_SQL_MODE=@@SQL_MODE, SQL_MODE='NO_AUTO_VALUE_ON_ZERO' */;
/*!40111 SET @OLD_SQL_NOTES=@@SQL_NOTES, SQL_NOTES=0 */;

--
-- Table structure for table `book`
--

DROP TABLE IF EXISTS `book`;
/*!40101 SET @saved_cs_client     = @@character_set_client */;
/*!50503 SET character_set_client = utf8mb4 */;
CREATE TABLE `book` (
  `book_id` varchar(12) NOT NULL,
  `isbn` varchar(17) NOT NULL,
  `title` varchar(45) NOT NULL,
  `author` varchar(45) NOT NULL,
  `pub_year` varchar(45) NOT NULL,
  `description` varchar(200) DEFAULT NULL,
  `cover_page` text,
  `qty` int NOT NULL,
  `available_qty` int NOT NULL,
  `category_id` int NOT NULL,
  `status_id` int NOT NULL,
  PRIMARY KEY (`book_id`),
  UNIQUE KEY `book_id_UNIQUE` (`book_id`),
  KEY `fk_book_category1_idx` (`category_id`),
  KEY `fk_book_status1_idx` (`status_id`),
  CONSTRAINT `fk_book_category1` FOREIGN KEY (`category_id`) REFERENCES `category` (`category_id`),
  CONSTRAINT `fk_book_status1` FOREIGN KEY (`status_id`) REFERENCES `status` (`status_id`)
) ENGINE=InnoDB DEFAULT CHARSET=utf8mb4 COLLATE=utf8mb4_general_ci;
/*!40101 SET character_set_client = @saved_cs_client */;

--
-- Dumping data for table `book`
--

LOCK TABLES `book` WRITE;
/*!40000 ALTER TABLE `book` DISABLE KEYS */;
INSERT INTO `book` VALUES ('B-000001','978-624-5314-08-9','Sherlock Holmes','Chandana Mendis','2002','Detective','676e30ae3d4b7_mkmk.jpg',20,19,1,1);
/*!40000 ALTER TABLE `book` ENABLE KEYS */;
UNLOCK TABLES;

--
-- Temporary view structure for view `book_details`
--

DROP TABLE IF EXISTS `book_details`;
/*!50001 DROP VIEW IF EXISTS `book_details`*/;
SET @saved_cs_client     = @@character_set_client;
/*!50503 SET character_set_client = utf8mb4 */;
/*!50001 CREATE VIEW `book_details` AS SELECT 
 1 AS `book_id`,
 1 AS `isbn`,
 1 AS `title`,
 1 AS `author`,
 1 AS `pub_year`,
 1 AS `description`,
 1 AS `cover_page`,
 1 AS `qty`,
 1 AS `available_qty`,
 1 AS `category_id`,
 1 AS `category_name`,
 1 AS `status`*/;
SET character_set_client = @saved_cs_client;

--
-- Table structure for table `borrow`
--

DROP TABLE IF EXISTS `borrow`;
/*!40101 SET @saved_cs_client     = @@character_set_client */;
/*!50503 SET character_set_client = utf8mb4 */;
CREATE TABLE `borrow` (
  `borrow_id` int NOT NULL AUTO_INCREMENT,
  `borrow_date` date NOT NULL,
  `due_date` date NOT NULL,
  `borrow_member_id` varchar(12) NOT NULL,
  `borrow_book_id` varchar(12) NOT NULL,
  PRIMARY KEY (`borrow_id`),
  KEY `fk_borrow_member1_idx` (`borrow_member_id`),
  KEY `fk_borrow_book1_idx` (`borrow_book_id`),
  CONSTRAINT `fk_borrow_book1` FOREIGN KEY (`borrow_book_id`) REFERENCES `book` (`book_id`),
  CONSTRAINT `fk_borrow_member1` FOREIGN KEY (`borrow_member_id`) REFERENCES `member` (`member_id`)
) ENGINE=InnoDB AUTO_INCREMENT=9 DEFAULT CHARSET=utf8mb4 COLLATE=utf8mb4_general_ci;
/*!40101 SET character_set_client = @saved_cs_client */;

--
-- Dumping data for table `borrow`
--

LOCK TABLES `borrow` WRITE;
/*!40000 ALTER TABLE `borrow` DISABLE KEYS */;
INSERT INTO `borrow` VALUES (8,'2024-12-30','2025-01-13','M-000001','B-000001');
/*!40000 ALTER TABLE `borrow` ENABLE KEYS */;
UNLOCK TABLES;

--
-- Table structure for table `category`
--

DROP TABLE IF EXISTS `category`;
/*!40101 SET @saved_cs_client     = @@character_set_client */;
/*!50503 SET character_set_client = utf8mb4 */;
CREATE TABLE `category` (
  `category_id` int NOT NULL AUTO_INCREMENT,
  `category_name` varchar(45) NOT NULL,
  PRIMARY KEY (`category_id`)
) ENGINE=InnoDB AUTO_INCREMENT=2 DEFAULT CHARSET=utf8mb4 COLLATE=utf8mb4_general_ci;
/*!40101 SET character_set_client = @saved_cs_client */;

--
-- Dumping data for table `category`
--

LOCK TABLES `category` WRITE;
/*!40000 ALTER TABLE `category` DISABLE KEYS */;
INSERT INTO `category` VALUES (1,'Fiction');
/*!40000 ALTER TABLE `category` ENABLE KEYS */;
UNLOCK TABLES;

--
-- Table structure for table `login`
--

DROP TABLE IF EXISTS `login`;
/*!40101 SET @saved_cs_client     = @@character_set_client */;
/*!50503 SET character_set_client = utf8mb4 */;
CREATE TABLE `login` (
  `login_id` int NOT NULL AUTO_INCREMENT,
  `user_id` varchar(12) NOT NULL,
  `password` varchar(255) NOT NULL,
  `userId` int NOT NULL,
  PRIMARY KEY (`login_id`),
  KEY `fk_login_user1_idx` (`userId`),
  CONSTRAINT `fk_login_user1` FOREIGN KEY (`userId`) REFERENCES `user` (`id`)
) ENGINE=InnoDB AUTO_INCREMENT=15 DEFAULT CHARSET=utf8mb4 COLLATE=utf8mb4_general_ci;
/*!40101 SET character_set_client = @saved_cs_client */;

--
-- Dumping data for table `login`
--

LOCK TABLES `login` WRITE;
/*!40000 ALTER TABLE `login` DISABLE KEYS */;
INSERT INTO `login` VALUES (6,'S-000001','Dg$11029',14);
/*!40000 ALTER TABLE `login` ENABLE KEYS */;
UNLOCK TABLES;

--
-- Table structure for table `member`
--

DROP TABLE IF EXISTS `member`;
/*!40101 SET @saved_cs_client     = @@character_set_client */;
/*!50503 SET character_set_client = utf8mb4 */;
CREATE TABLE `member` (
  `member_id` varchar(12) NOT NULL,
  `nic` varchar(12) NOT NULL,
  `fname` varchar(45) NOT NULL,
  `lname` varchar(45) NOT NULL,
  `mobile` varchar(10) NOT NULL,
  `address` varchar(100) NOT NULL,
  `email` varchar(60) NOT NULL,
  `password` varchar(255) NOT NULL,
  `vcode` text,
  `profile_img` text,
  `status_status_id` int NOT NULL,
  PRIMARY KEY (`member_id`),
  KEY `fk_member_status1_idx` (`status_status_id`),
  CONSTRAINT `fk_member_status1` FOREIGN KEY (`status_status_id`) REFERENCES `status` (`status_id`)
) ENGINE=InnoDB DEFAULT CHARSET=utf8mb4 COLLATE=utf8mb4_general_ci;
/*!40101 SET character_set_client = @saved_cs_client */;

--
-- Dumping data for table `member`
--

LOCK TABLES `member` WRITE;
/*!40000 ALTER TABLE `member` DISABLE KEYS */;
INSERT INTO `member` VALUES ('M-000001','200180300611','Dulakshi','Gammanpila','0701234567','sss','dulakshigamma@gmail.com','Abc#123',NULL,NULL,1);
/*!40000 ALTER TABLE `member` ENABLE KEYS */;
UNLOCK TABLES;

--
-- Table structure for table `module`
--

DROP TABLE IF EXISTS `module`;
/*!40101 SET @saved_cs_client     = @@character_set_client */;
/*!50503 SET character_set_client = utf8mb4 */;
CREATE TABLE `module` (
  `module_id` int NOT NULL AUTO_INCREMENT,
  `module_name` varchar(45) NOT NULL,
  PRIMARY KEY (`module_id`)
) ENGINE=InnoDB AUTO_INCREMENT=4 DEFAULT CHARSET=utf8mb4 COLLATE=utf8mb4_general_ci;
/*!40101 SET character_set_client = @saved_cs_client */;

--
-- Dumping data for table `module`
--

LOCK TABLES `module` WRITE;
/*!40000 ALTER TABLE `module` DISABLE KEYS */;
INSERT INTO `module` VALUES (1,'User Management'),(2,'Book Management'),(3,'Book Circulation');
/*!40000 ALTER TABLE `module` ENABLE KEYS */;
UNLOCK TABLES;

--
-- Table structure for table `role`
--

DROP TABLE IF EXISTS `role`;
/*!40101 SET @saved_cs_client     = @@character_set_client */;
/*!50503 SET character_set_client = utf8mb4 */;
CREATE TABLE `role` (
  `role_id` int NOT NULL AUTO_INCREMENT,
  `role_name` varchar(45) NOT NULL,
  PRIMARY KEY (`role_id`)
) ENGINE=InnoDB AUTO_INCREMENT=5 DEFAULT CHARSET=utf8mb4 COLLATE=utf8mb4_general_ci;
/*!40101 SET character_set_client = @saved_cs_client */;

--
-- Dumping data for table `role`
--

LOCK TABLES `role` WRITE;
/*!40000 ALTER TABLE `role` DISABLE KEYS */;
INSERT INTO `role` VALUES (1,'Librarian'),(2,'Book Keeper');
/*!40000 ALTER TABLE `role` ENABLE KEYS */;
UNLOCK TABLES;

--
-- Table structure for table `role_has_module`
--

DROP TABLE IF EXISTS `role_has_module`;
/*!40101 SET @saved_cs_client     = @@character_set_client */;
/*!50503 SET character_set_client = utf8mb4 */;
CREATE TABLE `role_has_module` (
  `role_id` int NOT NULL,
  `module_id` int NOT NULL,
  PRIMARY KEY (`role_id`,`module_id`),
  KEY `fk_role_has_module_module1_idx` (`module_id`),
  KEY `fk_role_has_module_role1_idx` (`role_id`),
  CONSTRAINT `fk_role_has_module_module1` FOREIGN KEY (`module_id`) REFERENCES `module` (`module_id`),
  CONSTRAINT `fk_role_has_module_role1` FOREIGN KEY (`role_id`) REFERENCES `role` (`role_id`)
) ENGINE=InnoDB DEFAULT CHARSET=utf8mb4 COLLATE=utf8mb4_general_ci;
/*!40101 SET character_set_client = @saved_cs_client */;

--
-- Dumping data for table `role_has_module`
--

LOCK TABLES `role_has_module` WRITE;
/*!40000 ALTER TABLE `role_has_module` DISABLE KEYS */;
INSERT INTO `role_has_module` VALUES (1,1),(2,1),(1,2),(2,2),(1,3),(2,3);
/*!40000 ALTER TABLE `role_has_module` ENABLE KEYS */;
UNLOCK TABLES;

--
-- Table structure for table `status`
--

DROP TABLE IF EXISTS `status`;
/*!40101 SET @saved_cs_client     = @@character_set_client */;
/*!50503 SET character_set_client = utf8mb4 */;
CREATE TABLE `status` (
  `status_id` int NOT NULL AUTO_INCREMENT,
  `status` varchar(45) NOT NULL,
  PRIMARY KEY (`status_id`)
) ENGINE=InnoDB AUTO_INCREMENT=3 DEFAULT CHARSET=utf8mb4 COLLATE=utf8mb4_general_ci;
/*!40101 SET character_set_client = @saved_cs_client */;

--
-- Dumping data for table `status`
--

LOCK TABLES `status` WRITE;
/*!40000 ALTER TABLE `status` DISABLE KEYS */;
INSERT INTO `status` VALUES (1,'Active'),(2,'Deactive');
/*!40000 ALTER TABLE `status` ENABLE KEYS */;
UNLOCK TABLES;

--
-- Table structure for table `user`
--

DROP TABLE IF EXISTS `user`;
/*!40101 SET @saved_cs_client     = @@character_set_client */;
/*!50503 SET character_set_client = utf8mb4 */;
CREATE TABLE `user` (
  `id` int NOT NULL AUTO_INCREMENT,
  `nic` varchar(12) NOT NULL,
  `fname` varchar(45) NOT NULL,
  `lname` varchar(45) NOT NULL,
  `mobile` varchar(10) NOT NULL,
  `address` varchar(100) NOT NULL,
  `email` varchar(45) NOT NULL,
  `vcode` text,
  `profile_img` text,
  `role_id` int NOT NULL,
  `status_id` int NOT NULL,
  PRIMARY KEY (`id`),
  KEY `fk_user_role1_idx` (`role_id`),
  KEY `fk_user_status1_idx` (`status_id`),
  CONSTRAINT `fk_user_role1` FOREIGN KEY (`role_id`) REFERENCES `role` (`role_id`),
  CONSTRAINT `fk_user_status1` FOREIGN KEY (`status_id`) REFERENCES `status` (`status_id`)
) ENGINE=InnoDB AUTO_INCREMENT=23 DEFAULT CHARSET=utf8mb4 COLLATE=utf8mb4_general_ci;
/*!40101 SET character_set_client = @saved_cs_client */;

--
-- Dumping data for table `user`
--

LOCK TABLES `user` WRITE;
/*!40000 ALTER TABLE `user` DISABLE KEYS */;
INSERT INTO `user` VALUES (14,'200180300611','Dulakshi','Gammanpila','0701234567','No 12, main road, Kandy','dulakshigamma@gmail.com',NULL,'676eddee83d24_download.jpeg',2,1);
/*!40000 ALTER TABLE `user` ENABLE KEYS */;
UNLOCK TABLES;

--
-- Temporary view structure for view `user_details`
--

DROP TABLE IF EXISTS `user_details`;
/*!50001 DROP VIEW IF EXISTS `user_details`*/;
SET @saved_cs_client     = @@character_set_client;
/*!50503 SET character_set_client = utf8mb4 */;
/*!50001 CREATE VIEW `user_details` AS SELECT 
 1 AS `id`,
 1 AS `nic`,
 1 AS `fname`,
 1 AS `lname`,
 1 AS `mobile`,
 1 AS `address`,
 1 AS `email`,
 1 AS `status_id`,
 1 AS `login_id`,
 1 AS `user_id`,
 1 AS `password`,
 1 AS `role_id`,
 1 AS `role_name`*/;
SET character_set_client = @saved_cs_client;

--
-- Dumping routines for database 'library_db'
--

--
-- Final view structure for view `book_details`
--

/*!50001 DROP VIEW IF EXISTS `book_details`*/;
/*!50001 SET @saved_cs_client          = @@character_set_client */;
/*!50001 SET @saved_cs_results         = @@character_set_results */;
/*!50001 SET @saved_col_connection     = @@collation_connection */;
/*!50001 SET character_set_client      = utf8mb4 */;
/*!50001 SET character_set_results     = utf8mb4 */;
/*!50001 SET collation_connection      = utf8mb4_0900_ai_ci */;
/*!50001 CREATE ALGORITHM=UNDEFINED */
/*!50013 DEFINER=`root`@`localhost` SQL SECURITY DEFINER */
/*!50001 VIEW `book_details` AS select `book`.`book_id` AS `book_id`,`book`.`isbn` AS `isbn`,`book`.`title` AS `title`,`book`.`author` AS `author`,`book`.`pub_year` AS `pub_year`,`book`.`description` AS `description`,`book`.`cover_page` AS `cover_page`,`book`.`qty` AS `qty`,`book`.`available_qty` AS `available_qty`,`category`.`category_id` AS `category_id`,`category`.`category_name` AS `category_name`,`status`.`status` AS `status` from ((`book` join `category` on((`book`.`category_id` = `category`.`category_id`))) join `status` on((`book`.`status_id` = `status`.`status_id`))) */;
/*!50001 SET character_set_client      = @saved_cs_client */;
/*!50001 SET character_set_results     = @saved_cs_results */;
/*!50001 SET collation_connection      = @saved_col_connection */;

--
-- Final view structure for view `user_details`
--

/*!50001 DROP VIEW IF EXISTS `user_details`*/;
/*!50001 SET @saved_cs_client          = @@character_set_client */;
/*!50001 SET @saved_cs_results         = @@character_set_results */;
/*!50001 SET @saved_col_connection     = @@collation_connection */;
/*!50001 SET character_set_client      = utf8mb4 */;
/*!50001 SET character_set_results     = utf8mb4 */;
/*!50001 SET collation_connection      = utf8mb4_0900_ai_ci */;
/*!50001 CREATE ALGORITHM=UNDEFINED */
/*!50013 DEFINER=`root`@`localhost` SQL SECURITY DEFINER */
/*!50001 VIEW `user_details` AS select `user`.`id` AS `id`,`user`.`nic` AS `nic`,`user`.`fname` AS `fname`,`user`.`lname` AS `lname`,`user`.`mobile` AS `mobile`,`user`.`address` AS `address`,`user`.`email` AS `email`,`user`.`status_id` AS `status_id`,`login`.`login_id` AS `login_id`,`login`.`user_id` AS `user_id`,`login`.`password` AS `password`,`role`.`role_id` AS `role_id`,`role`.`role_name` AS `role_name` from ((`user` join `login` on((`user`.`id` = `login`.`userId`))) join `role` on((`user`.`role_id` = `role`.`role_id`))) */;
/*!50001 SET character_set_client      = @saved_cs_client */;
/*!50001 SET character_set_results     = @saved_cs_results */;
/*!50001 SET collation_connection      = @saved_col_connection */;
/*!40103 SET TIME_ZONE=@OLD_TIME_ZONE */;

/*!40101 SET SQL_MODE=@OLD_SQL_MODE */;
/*!40014 SET FOREIGN_KEY_CHECKS=@OLD_FOREIGN_KEY_CHECKS */;
/*!40014 SET UNIQUE_CHECKS=@OLD_UNIQUE_CHECKS */;
/*!40101 SET CHARACTER_SET_CLIENT=@OLD_CHARACTER_SET_CLIENT */;
/*!40101 SET CHARACTER_SET_RESULTS=@OLD_CHARACTER_SET_RESULTS */;
/*!40101 SET COLLATION_CONNECTION=@OLD_COLLATION_CONNECTION */;
/*!40111 SET SQL_NOTES=@OLD_SQL_NOTES */;

-- Dump completed on 2024-12-30 20:36:47
